scrape_date,referer_url,url,domain,brand,brand_url,color,name,price,active,categories,category_tag,model_id,product_group,silhouette_code,targetgroup_age,targetgroup_domain,targetgroup_gender,colors,colors_list,units,local_sizes_list,manufacturer_sizes_list,additional_info,animal_parts,back_width,bootleg_height,bootleg_width,bottom_part_material_list,care,collar,denier,extras,fabric,fastener,filling,fit,heel_height,heel_type,inner_leg_length,insole,jacket_length,length,lining_material_list,model_height,neckline,outer_fabric_material_list,outer_leg_length,padding_type,pattern,pockets,qualities,rise,shoe_tip,sku,sleeve_cuffs,sleeve_length,sole,sport,technology,total_length,transparency,upper_material_list,weight,bottom_part_material,lining_material,outer_fabric_material,upper_material
4/2/2019 14:54,https://www.zalando.fr/mode-femme/?p=2&order=activation_date,https://www.zalando.fr/dorothy-perkins-petite-ditsy-dress-robe-en-jersey-navy-dp721c0as-k11.html,www.zalando.fr,Dorothy Perkins Petite,https://www.zalando.fr/dorothy-perkins-petite,navy,DITSY DRESS - Robe en jersey - navy,"35,95 €",True,"['catalogue', 'femme', 'mode-femme', 'robes-femme', 'robes-t-shirt-femme', 'tout', 'vetements']",Robe en jersey,DP721C0AS,clothing,dress,['ADULT'],['DEFAULT'],['FEMALE'],"[{'sku': 'DP721C0AS-K11', 'name': 'DITSY DRESS - Robe en jersey - navy', 'color': 'navy', 'shopUrl': 'https://www.zalando.fr/dorothy-perkins-petite-ditsy-dress-robe-en-jersey-navy-dp721c0as-k11.html', 'pictureUrl': 'https://mosaic03.ztat.net/vgs/media/thumb_hd/DP/72/1C/0A/SK/11/DP721C0AS-K11@7.png'}]",['navy'],"[{'sku': 'DP721C0AS-K110004000', 'merchant_id': '810d1d00-4312-43e5-bd31-d8373fdd24c7', 'stock': 18, 'local_size': '32', 'manufacturer_size': '4', 'price_currency': 'EUR', 'price_value': 35.95, 'price_formatted': '35,95\xa0€'}, {'sku': 'DP721C0AS-K110006000', 'merchant_id': '810d1d00-4312-43e5-bd31-d8373fdd24c7', 'stock': 35, 'local_size': '34', 'manufacturer_size': '6', 'price_currency': 'EUR', 'price_value': 35.95, 'price_formatted': '35,95\xa0€'}, {'sku': 'DP721C0AS-K110008000', 'merchant_id': '810d1d00-4312-43e5-bd31-d8373fdd24c7', 'stock': 69, 'local_size': '36', 'manufacturer_size': '8', 'price_currency': 'EUR', 'price_value': 35.95, 'price_formatted': '35,95\xa0€'}, {'sku': 'DP721C0AS-K110010000', 'merchant_id': '810d1d00-4312-43e5-bd31-d8373fdd24c7', 'stock': 77, 'local_size': '38', 'manufacturer_size': '10', 'price_currency': 'EUR', 'price_value': 35.95, 'price_formatted': '35,95\xa0€'}, {'sku': 'DP721C0AS-K110012000', 'merchant_id': '810d1d00-4312-43e5-bd31-d8373fdd24c7', 'stock': 53, 'local_size': '40', 'manufacturer_size': '12', 'price_currency': 'EUR', 'price_value': 35.95, 'price_formatted': '35,95\xa0€'}, {'sku': 'DP721C0AS-K110014000', 'merchant_id': '810d1d00-4312-43e5-bd31-d8373fdd24c7', 'stock': 29, 'local_size': '42', 'manufacturer_size': '14', 'price_currency': 'EUR', 'price_value': 35.95, 'price_formatted': '35,95\xa0€'}, {'sku': 'DP721C0AS-K110016000', 'merchant_id': '810d1d00-4312-43e5-bd31-d8373fdd24c7', 'stock': 9, 'local_size': '44', 'manufacturer_size': '16', 'price_currency': 'EUR', 'price_value': 35.95, 'price_formatted': '35,95\xa0€'}]","['32', '34', '36', '38', '40', '42', '44']","['4', '6', '8', '10', '12', '14', '16']",,,,,,,"Lavage en machine à 40°C, ne pas mettre au sèche-linge, lavage textiles délicats",,,,Jersey,,,Cintrée,,,,,,Jusqu'aux genoux,,Notre mannequin mesure 163 cm et porte une taille 36,Encolure large ronde,"97% viscose, 3% élasthanne",,,Floral,,,,,,,Manches courtes,,,,80 cm en taille 36,,,,,,"[{'material': 'viscose', 'percent': 97}, {'material': 'élasthanne', 'percent': 3}]",
4/2/2019 14:55,https://www.zalando.fr/mode-femme/?p=2&order=activation_date,https://www.zalando.fr/alice-mccall-bloomsbury-jacket-veste-en-jean-indigo-am921g000-k11.html,www.zalando.fr,Alice McCall,https://www.zalando.fr/alice-mccall,indigo,BLOOMSBURY JACKET - Veste en jean - indigo,"274,95 €",True,"['catalogue', 'femme', 'mode-femme', 'vestes-femme', 'vestes-jean-femme', 'tout', 'vetements']",Veste en jean,AM921G000,clothing,coat,['ADULT'],['DEFAULT'],['FEMALE'],"[{'sku': 'AM921G000-K11', 'name': 'BLOOMSBURY JACKET - Veste en jean - indigo', 'color': 'indigo', 'shopUrl': 'https://www.zalando.fr/alice-mccall-bloomsbury-jacket-veste-en-jean-indigo-am921g000-k11.html', 'pictureUrl': 'https://mosaic03.ztat.net/vgs/media/thumb_hd/AM/92/1G/00/0K/11/AM921G000-K11@8.1.png'}]",['indigo'],"[{'sku': 'AM921G000-K110004000', 'merchant_id': '810d1d00-4312-43e5-bd31-d8373fdd24c7', 'stock': 2, 'local_size': '34', 'manufacturer_size': '4', 'price_currency': 'EUR', 'price_value': 274.95, 'price_formatted': '274,95\xa0€'}, {'sku': 'AM921G000-K110006000', 'merchant_id': '810d1d00-4312-43e5-bd31-d8373fdd24c7', 'stock': 3, 'local_size': '36', 'manufacturer_size': '6', 'price_currency': 'EUR', 'price_value': 274.95, 'price_formatted': '274,95\xa0€'}, {'sku': 'AM921G000-K110008000', 'merchant_id': '810d1d00-4312-43e5-bd31-d8373fdd24c7', 'stock': 5, 'local_size': '38', 'manufacturer_size': '8', 'price_currency': 'EUR', 'price_value': 274.95, 'price_formatted': '274,95\xa0€'}, {'sku': 'AM921G000-K110010000', 'merchant_id': '810d1d00-4312-43e5-bd31-d8373fdd24c7', 'stock': 6, 'local_size': '40', 'manufacturer_size': '10', 'price_currency': 'EUR', 'price_value': 274.95, 'price_formatted': '274,95\xa0€'}, {'sku': 'AM921G000-K110012000', 'merchant_id': '810d1d00-4312-43e5-bd31-d8373fdd24c7', 'stock': 5, 'local_size': '42', 'manufacturer_size': '12', 'price_currency': 'EUR', 'price_value': 274.95, 'price_formatted': '274,95\xa0€'}, {'sku': 'AM921G000-K110014000', 'merchant_id': '810d1d00-4312-43e5-bd31-d8373fdd24c7', 'stock': 3, 'local_size': '44', 'manufacturer_size': '14', 'price_currency': 'EUR', 'price_value': 274.95, 'price_formatted': '274,95\xa0€'}]","['34', '36', '38', '40', '42', '44']","['4', '6', '8', '10', '12', '14']",,,33 cm en taille 38,,,,,Col à revers,,,Denim,Boutons,,Près du corps,,,,,,Extra courte,,Notre mannequin mesure 178 cm et porte une taille 38,,"98% coton, 2% élasthanne",,,,,,,,,,Manches longues,,,,38 cm en taille 38,,,,,,"[{'material': 'coton', 'percent': 98}, {'material': 'élasthanne', 'percent': 2}]",
4/2/2019 14:55,https://www.zalando.fr/mode-femme/?p=2&order=activation_date,https://www.zalando.fr/dorothy-perkins-milkmaid-button-ruffle-t-shirt-imprime-navy-dp521e15w-k11.html,www.zalando.fr,Dorothy Perkins,https://www.zalando.fr/dorothy-perkins-shop/,navy,MILKMAID BUTTON RUFFLE - Blouse - navy,"25,95 €",True,"['catalogue', 'femme', 'mode-femme', 't-shirts-tops-femme', 'chemisiers-tuniques-femme', 'blouses-femme', 'tout', 'vetements', 't-shirts-a-imprimes']",T-shirt imprimé,DP521E15W,clothing,shirt,['ADULT'],['DEFAULT'],['FEMALE'],"[{'sku': 'DP521E15W-K11', 'name': 'MILKMAID BUTTON RUFFLE - Blouse - navy', 'color': 'navy', 'shopUrl': 'https://www.zalando.fr/dorothy-perkins-milkmaid-button-ruffle-t-shirt-imprime-navy-dp521e15w-k11.html', 'pictureUrl': 'https://mosaic03.ztat.net/vgs/media/thumb_hd/DP/52/1E/15/WK/11/DP521E15W-K11@7.png'}]",['navy'],"[{'sku': 'DP521E15W-K110006000', 'merchant_id': '810d1d00-4312-43e5-bd31-d8373fdd24c7', 'stock': 12, 'local_size': '34', 'manufacturer_size': '6', 'price_currency': 'EUR', 'price_value': 25.95, 'price_formatted': '25,95\xa0€'}, {'sku': 'DP521E15W-K110008000', 'merchant_id': '810d1d00-4312-43e5-bd31-d8373fdd24c7', 'stock': 73, 'local_size': '36', 'manufacturer_size': '8', 'price_currency': 'EUR', 'price_value': 25.95, 'price_formatted': '25,95\xa0€'}, {'sku': 'DP521E15W-K110010000', 'merchant_id': '810d1d00-4312-43e5-bd31-d8373fdd24c7', 'stock': 110, 'local_size': '38', 'manufacturer_size': '10', 'price_currency': 'EUR', 'price_value': 25.95, 'price_formatted': '25,95\xa0€'}, {'sku': 'DP521E15W-K110012000', 'merchant_id': '810d1d00-4312-43e5-bd31-d8373fdd24c7', 'stock': 76, 'local_size': '40', 'manufacturer_size': '12', 'price_currency': 'EUR', 'price_value': 25.95, 'price_formatted': '25,95\xa0€'}, {'sku': 'DP521E15W-K110014000', 'merchant_id': '810d1d00-4312-43e5-bd31-d8373fdd24c7', 'stock': 65, 'local_size': '42', 'manufacturer_size': '14', 'price_currency': 'EUR', 'price_value': 25.95, 'price_formatted': '25,95\xa0€'}, {'sku': 'DP521E15W-K110016000', 'merchant_id': '810d1d00-4312-43e5-bd31-d8373fdd24c7', 'stock': 60, 'local_size': '44', 'manufacturer_size': '16', 'price_currency': 'EUR', 'price_value': 25.95, 'price_formatted': '25,95\xa0€'}, {'sku': 'DP521E15W-K110018000', 'merchant_id': '810d1d00-4312-43e5-bd31-d8373fdd24c7', 'stock': 60, 'local_size': '46', 'manufacturer_size': '18', 'price_currency': 'EUR', 'price_value': 25.95, 'price_formatted': '25,95\xa0€'}]","['34', '36', '38', '40', '42', '44', '46']","['6', '8', '10', '12', '14', '16', '18']",,,,,,,"Lavage en machine à 40°C, ne pas mettre au sèche-linge, lavage textiles délicats",,,,Dentelle,,,Près du corps,,,,,,Normale,100% polyester,Notre mannequin mesure 179 cm et porte une taille 36,Echancrure dos,"96% polyamide, 4% élasthanne",,,Couleur unie,,,,,,,Manches courtes,,,,52 cm en taille 36,,,,,"[{'material': 'polyester', 'percent': 100}]","[{'material': 'polyamide', 'percent': 96}, {'material': 'élasthanne', 'percent': 4}]",
4/2/2019 14:55,https://www.zalando.fr/mode-femme/?p=2&order=activation_date,https://www.zalando.fr/vila-vimelli-singlet-debardeur-v1021e0w2-n11.html,www.zalando.fr,Vila,https://www.zalando.fr/vila-shop-femme/,dark olive,VIMELLI SINGLET - Débardeur - dark olive,"26,95 €",True,"['catalogue', 'femme', 'mode-femme', 't-shirts-tops-femme', 'debardeurs-femme', 'tout', 'vetements']",Débardeur,V1021E0W2,clothing,t_shirt_top,['ADULT'],['DEFAULT'],['FEMALE'],"[{'sku': 'V1021E0W2-N11', 'name': 'VIMELLI SINGLET - Débardeur - dark olive', 'color': 'dark olive', 'shopUrl': 'https://www.zalando.fr/vila-vimelli-singlet-debardeur-v1021e0w2-n11.html', 'pictureUrl': 'https://mosaic03.ztat.net/vgs/media/thumb_hd/V1/02/1E/0W/2N/11/V1021E0W2-N11@2.png'}, {'sku': 'V1021E0W2-A11', 'name': 'VIMELLI SINGLET - Débardeur - cloud dancer', 'color': 'cloud dancer', 'shopUrl': 'https://www.zalando.fr/vila-vimelli-singlet-debardeur-cloud-dancer-v1021e0w2-a11.html', 'pictureUrl': 'https://mosaic03.ztat.net/vgs/media/thumb_hd/V1/02/1E/0W/2A/11/V1021E0W2-A11@8.png'}, {'sku': 'V1021E0W2-K11', 'name': 'VIMELLI SINGLET - Débardeur - navy blazer', 'color': 'navy blazer', 'shopUrl': 'https://www.zalando.fr/vila-vimelli-singlet-debardeur-v1021e0w2-k11.html', 'pictureUrl': 'https://mosaic03.ztat.net/vgs/media/thumb_hd/V1/02/1E/0W/2K/11/V1021E0W2-K11@8.png'}, {'sku': 'V1021E0W2-B11', 'name': 'VIMELLI SINGLET - Débardeur - soft camel', 'color': 'soft camel', 'shopUrl': 'https://www.zalando.fr/vila-vimelli-singlet-debardeur-v1021e0w2-b11.html', 'pictureUrl': 'https://mosaic03.ztat.net/vgs/media/thumb_hd/V1/02/1E/0W/2B/11/V1021E0W2-B11@10.png'}]","['dark olive', 'cloud dancer', 'navy blazer', 'soft camel']","[{'sku': 'V1021E0W2-N110034000', 'merchant_id': '810d1d00-4312-43e5-bd31-d8373fdd24c7', 'stock': 18, 'local_size': '36', 'manufacturer_size': '34', 'price_currency': 'EUR', 'price_value': 26.95, 'price_formatted': '26,95\xa0€'}, {'sku': 'V1021E0W2-N110038000', 'merchant_id': '810d1d00-4312-43e5-bd31-d8373fdd24c7', 'stock': 39, 'local_size': '40', 'manufacturer_size': '38', 'price_currency': 'EUR', 'price_value': 26.95, 'price_formatted': '26,95\xa0€'}, {'sku': 'V1021E0W2-N110040000', 'merchant_id': '810d1d00-4312-43e5-bd31-d8373fdd24c7', 'stock': 20, 'local_size': '42', 'manufacturer_size': '40', 'price_currency': 'EUR', 'price_value': 26.95, 'price_formatted': '26,95\xa0€'}, {'sku': 'V1021E0W2-N110042000', 'merchant_id': '810d1d00-4312-43e5-bd31-d8373fdd24c7', 'stock': 20, 'local_size': '44', 'manufacturer_size': '42', 'price_currency': 'EUR', 'price_value': 26.95, 'price_formatted': '26,95\xa0€'}, {'sku': 'V1021E0W2-N110044000', 'merchant_id': '810d1d00-4312-43e5-bd31-d8373fdd24c7', 'stock': 19, 'local_size': '46', 'manufacturer_size': '44', 'price_currency': 'EUR', 'price_value': 26.95, 'price_formatted': '26,95\xa0€'}]","['36', '40', '42', '44', '46']","['34', '38', '40', '42', '44']",Pince de poitrine,,,,,,"Ne pas mettre au sèche-linge, lavage en machine à 30°C, possibilité de rétrécissement limitée à 5%, lavage textiles délicats",,,,Satin,,,Normale,,,,,,Normale,,,Col en V profond,100% polyester,,,Couleur unie,,,,,,,Bretelles fines,,,,,,,,,,"[{'material': 'polyester', 'percent': 100}]",
4/2/2019 14:55,https://www.zalando.fr/mode-femme/?p=2&order=activation_date,https://www.zalando.fr/vanessa-bruno-leria-blouse-yellow-0vb21e00k-e11.html,www.zalando.fr,Vanessa Bruno,https://www.zalando.fr/vanessa-bruno,yellow,LERIA - Blouse - yellow,"169,95 €",True,"['catalogue', 'femme', 'mode-femme', 'chemisiers-tuniques-femme', 'blouses-femme', 'luxe-femme', 'mode-femme-luxe', 'chemises-blouses-femme-luxe', 'tout', 'vetements', 'luxe']",Blouse,0VB21E00K,clothing,shirt,['ADULT'],"['DEFAULT', 'PREMIUM']",['FEMALE'],"[{'sku': '0VB21E00K-E11', 'name': 'LERIA - Blouse - yellow', 'color': 'yellow', 'shopUrl': 'https://www.zalando.fr/vanessa-bruno-leria-blouse-yellow-0vb21e00k-e11.html', 'pictureUrl': 'https://mosaic03.ztat.net/vgs/media/thumb_hd/0V/B2/1E/00/KE/11/0VB21E00K-E11@10.jpg'}]",['yellow'],"[{'sku': '0VB21E00K-E110036000', 'merchant_id': '810d1d00-4312-43e5-bd31-d8373fdd24c7', 'stock': 3, 'local_size': '36', 'manufacturer_size': '36', 'price_currency': 'EUR', 'price_value': 169.95, 'price_formatted': '169,95\xa0€'}, {'sku': '0VB21E00K-E110038000', 'merchant_id': '810d1d00-4312-43e5-bd31-d8373fdd24c7', 'stock': 6, 'local_size': '38', 'manufacturer_size': '38', 'price_currency': 'EUR', 'price_value': 169.95, 'price_formatted': '169,95\xa0€'}, {'sku': '0VB21E00K-E110040000', 'merchant_id': '810d1d00-4312-43e5-bd31-d8373fdd24c7', 'stock': 9, 'local_size': '40', 'manufacturer_size': '40', 'price_currency': 'EUR', 'price_value': 169.95, 'price_formatted': '169,95\xa0€'}, {'sku': '0VB21E00K-E110042000', 'merchant_id': '810d1d00-4312-43e5-bd31-d8373fdd24c7', 'stock': 7, 'local_size': '42', 'manufacturer_size': '42', 'price_currency': 'EUR', 'price_value': 169.95, 'price_formatted': '169,95\xa0€'}]","['36', '38', '40', '42']","['36', '38', '40', '42']",,,36 cm en taille 38,,,,"Lavage à la main, nettoyage chimique possible",,,,,,,Normale,,,,,,Normale,,Notre mannequin mesure 175 cm et porte une taille 38,Col en V profond,"55% viscose, 45% coton",,,Couleur unie,,,,,,,Manches courtes,,,,59 cm en taille 38,Légère,,,,,"[{'material': 'viscose', 'percent': 55}, {'material': 'coton', 'percent': 45}]",
4/2/2019 14:55,https://www.zalando.fr/mode-femme/?p=2&order=activation_date,https://www.zalando.fr/dorothy-perkins-paisley-short-navy-dp521s04c-k11.html,www.zalando.fr,Dorothy Perkins,https://www.zalando.fr/dorothy-perkins-shop/,navy,PAISLEY - Short - navy,"31,95 €",True,"['catalogue', 'femme', 'mode-femme', 'shorts-femme', 'shorts-bermudas-femme', 'tout', 'vetements']",Short,DP521S04C,clothing,trouser,['ADULT'],['DEFAULT'],['FEMALE'],"[{'sku': 'DP521S04C-K11', 'name': 'PAISLEY - Short - navy', 'color': 'navy', 'shopUrl': 'https://www.zalando.fr/dorothy-perkins-paisley-short-navy-dp521s04c-k11.html', 'pictureUrl': 'https://mosaic03.ztat.net/vgs/media/thumb_hd/DP/52/1S/04/CK/11/DP521S04C-K11@2.jpg'}]",['navy'],"[{'sku': 'DP521S04C-K110006000', 'merchant_id': '810d1d00-4312-43e5-bd31-d8373fdd24c7', 'stock': 19, 'local_size': '34', 'manufacturer_size': '6', 'price_currency': 'EUR', 'price_value': 31.95, 'price_formatted': '31,95\xa0€'}, {'sku': 'DP521S04C-K110008000', 'merchant_id': '810d1d00-4312-43e5-bd31-d8373fdd24c7', 'stock': 55, 'local_size': '36', 'manufacturer_size': '8', 'price_currency': 'EUR', 'price_value': 31.95, 'price_formatted': '31,95\xa0€'}, {'sku': 'DP521S04C-K110010000', 'merchant_id': '810d1d00-4312-43e5-bd31-d8373fdd24c7', 'stock': 74, 'local_size': '38', 'manufacturer_size': '10', 'price_currency': 'EUR', 'price_value': 31.95, 'price_formatted': '31,95\xa0€'}, {'sku': 'DP521S04C-K110012000', 'merchant_id': '810d1d00-4312-43e5-bd31-d8373fdd24c7', 'stock': 68, 'local_size': '40', 'manufacturer_size': '12', 'price_currency': 'EUR', 'price_value': 31.95, 'price_formatted': '31,95\xa0€'}, {'sku': 'DP521S04C-K110014000', 'merchant_id': '810d1d00-4312-43e5-bd31-d8373fdd24c7', 'stock': 52, 'local_size': '42', 'manufacturer_size': '14', 'price_currency': 'EUR', 'price_value': 31.95, 'price_formatted': '31,95\xa0€'}, {'sku': 'DP521S04C-K110016000', 'merchant_id': '810d1d00-4312-43e5-bd31-d8373fdd24c7', 'stock': 50, 'local_size': '44', 'manufacturer_size': '16', 'price_currency': 'EUR', 'price_value': 31.95, 'price_formatted': '31,95\xa0€'}, {'sku': 'DP521S04C-K110018000', 'merchant_id': '810d1d00-4312-43e5-bd31-d8373fdd24c7', 'stock': 50, 'local_size': '46', 'manufacturer_size': '18', 'price_currency': 'EUR', 'price_value': 31.95, 'price_formatted': '31,95\xa0€'}]","['34', '36', '38', '40', '42', '44', '46']","['6', '8', '10', '12', '14', '16', '18']",Taille élastique,,,,,,"Lavage en machine à 40°C, ne pas mettre au sèche-linge, lavage textiles délicats",,,,,,,,,,11 cm en taille 36,,,Extra courte,,Notre mannequin mesure 177 cm et porte une taille 36,,100% polyester,40 cm en taille 36,,Paisley/cachemire,,,Haute,,,,,,,,,,,,,,"[{'material': 'polyester', 'percent': 100}]",
4/2/2019 14:55,https://www.zalando.fr/mode-femme/?p=2&order=activation_date,https://www.zalando.fr/wallis-petite-leopard-floral-overlayer-blouse-dark-blue-wp021e02y-t11.html,www.zalando.fr,Wallis Petite,https://www.zalando.fr/wallis-petite,dark blue,LEOPARD FLORAL OVERLAYER - Blouse - dark blue,"48,95 €",True,"['catalogue', 'femme', 'mode-femme', 'chemisiers-tuniques-femme', 'blouses-femme', 'tout', 'vetements']",Blouse,WP021E02Y,clothing,shirt,['ADULT'],['DEFAULT'],['FEMALE'],"[{'sku': 'WP021E02Y-T11', 'name': 'LEOPARD FLORAL OVERLAYER - Blouse - dark blue', 'color': 'dark blue', 'shopUrl': 'https://www.zalando.fr/wallis-petite-leopard-floral-overlayer-blouse-dark-blue-wp021e02y-t11.html', 'pictureUrl': 'https://mosaic03.ztat.net/vgs/media/thumb_hd/WP/02/1E/02/YT/11/WP021E02Y-T11@7.png'}]",['dark blue'],"[{'sku': 'WP021E02Y-T11000S000', 'merchant_id': '810d1d00-4312-43e5-bd31-d8373fdd24c7', 'stock': 39, 'local_size': '36/38', 'manufacturer_size': 'S', 'price_currency': 'EUR', 'price_value': 48.95, 'price_formatted': '48,95\xa0€'}, {'sku': 'WP021E02Y-T11000M000', 'merchant_id': '810d1d00-4312-43e5-bd31-d8373fdd24c7', 'stock': 100, 'local_size': '40/42', 'manufacturer_size': 'M', 'price_currency': 'EUR', 'price_value': 48.95, 'price_formatted': '48,95\xa0€'}, {'sku': 'WP021E02Y-T11000L000', 'merchant_id': '810d1d00-4312-43e5-bd31-d8373fdd24c7', 'stock': 60, 'local_size': '44/46', 'manufacturer_size': 'L', 'price_currency': 'EUR', 'price_value': 48.95, 'price_formatted': '48,95\xa0€'}]","['36/38', '40/42', '44/46']","['S', 'M', 'L']",,,,,,,"Ne pas mettre au sèche-linge, lavage en machine à 30°C, lavage textiles délicats",,,,"Jersey, Mousseline",,,Normale,,,,,,Longue,,Notre mannequin mesure 163 cm et porte une taille 36/38,Col rond,"97% viscose, 3% élasthanne",,,Floral,,,,,,,Manches mi-longues,,,,59 cm en taille 36/38,,,,,,"[{'material': 'viscose', 'percent': 97}, {'material': 'élasthanne', 'percent': 3}]",
4/2/2019 14:55,https://www.zalando.fr/mode-femme/?p=2&order=activation_date,https://www.zalando.fr/dorothy-perkins-button-front-skirt-jupe-trapeze-black-dp521b0dc-q11.html,www.zalando.fr,Dorothy Perkins,https://www.zalando.fr/dorothy-perkins-shop/,black,BUTTON FRONT SKIRT - Jupe trapèze - black,"35,95 €",True,"['catalogue', 'femme', 'mode-femme', 'jupes-femme', 'tout', 'vetements', 'jupes-trapeze']",Jupe trapèze,DP521B0DC,clothing,skirt,['ADULT'],['DEFAULT'],['FEMALE'],"[{'sku': 'DP521B0DC-Q11', 'name': 'BUTTON FRONT SKIRT - Jupe trapèze - black', 'color': 'black', 'shopUrl': 'https://www.zalando.fr/dorothy-perkins-button-front-skirt-jupe-trapeze-black-dp521b0dc-q11.html', 'pictureUrl': 'https://mosaic03.ztat.net/vgs/media/thumb_hd/DP/52/1B/0D/CQ/11/DP521B0DC-Q11@4.jpg'}]",['black'],"[{'sku': 'DP521B0DC-Q110006000', 'merchant_id': '810d1d00-4312-43e5-bd31-d8373fdd24c7', 'stock': 26, 'local_size': '34', 'manufacturer_size': '6', 'price_currency': 'EUR', 'price_value': 35.95, 'price_formatted': '35,95\xa0€'}, {'sku': 'DP521B0DC-Q110008000', 'merchant_id': '810d1d00-4312-43e5-bd31-d8373fdd24c7', 'stock': 59, 'local_size': '36', 'manufacturer_size': '8', 'price_currency': 'EUR', 'price_value': 35.95, 'price_formatted': '35,95\xa0€'}, {'sku': 'DP521B0DC-Q110010000', 'merchant_id': '810d1d00-4312-43e5-bd31-d8373fdd24c7', 'stock': 77, 'local_size': '38', 'manufacturer_size': '10', 'price_currency': 'EUR', 'price_value': 35.95, 'price_formatted': '35,95\xa0€'}, {'sku': 'DP521B0DC-Q110012000', 'merchant_id': '810d1d00-4312-43e5-bd31-d8373fdd24c7', 'stock': 74, 'local_size': '40', 'manufacturer_size': '12', 'price_currency': 'EUR', 'price_value': 35.95, 'price_formatted': '35,95\xa0€'}, {'sku': 'DP521B0DC-Q110014000', 'merchant_id': '810d1d00-4312-43e5-bd31-d8373fdd24c7', 'stock': 58, 'local_size': '42', 'manufacturer_size': '14', 'price_currency': 'EUR', 'price_value': 35.95, 'price_formatted': '35,95\xa0€'}, {'sku': 'DP521B0DC-Q110016000', 'merchant_id': '810d1d00-4312-43e5-bd31-d8373fdd24c7', 'stock': 46, 'local_size': '44', 'manufacturer_size': '16', 'price_currency': 'EUR', 'price_value': 35.95, 'price_formatted': '35,95\xa0€'}, {'sku': 'DP521B0DC-Q110018000', 'merchant_id': '810d1d00-4312-43e5-bd31-d8373fdd24c7', 'stock': 43, 'local_size': '46', 'manufacturer_size': '18', 'price_currency': 'EUR', 'price_value': 35.95, 'price_formatted': '35,95\xa0€'}]","['34', '36', '38', '40', '42', '44', '46']","['6', '8', '10', '12', '14', '16', '18']","Taille élastique, patte de boutonnage",,,,,,"Lavage en machine à 40°C, ne pas mettre au sèche-linge",,,,,,,Normale,,,,,,Jusqu'aux genoux,,Notre mannequin mesure 179 cm et porte une taille 36,,"78% viscose, 22% lin",,,Couleur unie,,,,,,,,,,,72 cm en taille 36,,,,,,"[{'material': 'viscose', 'percent': 78}, {'material': 'lin', 'percent': 22}]",
4/2/2019 14:55,https://www.zalando.fr/mode-femme/?p=2&order=activation_date,https://www.zalando.fr/freequent-blazer-forrest-green-f0821g015-m11.html,www.zalando.fr,Freequent,https://www.zalando.fr/freequent,forrest green,Manteau court - forrest green,"79,95 €",True,"['catalogue', 'femme', 'mode-femme', 'vestes-femme', 'blazers-femme', 'manteaux-femme', 'manteaux-courts-femme', 'tout', 'vetements']",Blazer,F0821G015,clothing,jacket,['ADULT'],['DEFAULT'],['FEMALE'],"[{'sku': 'F0821G015-M11', 'name': 'Manteau court - forrest green', 'color': 'forrest green', 'shopUrl': 'https://www.zalando.fr/freequent-blazer-forrest-green-f0821g015-m11.html', 'pictureUrl': 'https://mosaic03.ztat.net/vgs/media/thumb_hd/F0/82/1G/01/5M/11/F0821G015-M11@11.1.jpg'}]",['forrest green'],"[{'sku': 'F0821G015-M1100XS000', 'merchant_id': '810d1d00-4312-43e5-bd31-d8373fdd24c7', 'stock': 9, 'local_size': 'XS', 'manufacturer_size': 'XS', 'price_currency': 'EUR', 'price_value': 79.95, 'price_formatted': '79,95\xa0€'}, {'sku': 'F0821G015-M11000S000', 'merchant_id': '810d1d00-4312-43e5-bd31-d8373fdd24c7', 'stock': 20, 'local_size': 'S', 'manufacturer_size': 'S', 'price_currency': 'EUR', 'price_value': 79.95, 'price_formatted': '79,95\xa0€'}, {'sku': 'F0821G015-M1100XL000', 'merchant_id': '810d1d00-4312-43e5-bd31-d8373fdd24c7', 'stock': 10, 'local_size': 'XL', 'manufacturer_size': 'XL', 'price_currency': 'EUR', 'price_value': 79.95, 'price_formatted': '79,95\xa0€'}, {'sku': 'F0821G015-M110XXL000', 'merchant_id': '810d1d00-4312-43e5-bd31-d8373fdd24c7', 'stock': 10, 'local_size': 'XXL', 'manufacturer_size': 'XXL', 'price_currency': 'EUR', 'price_value': 79.95, 'price_formatted': '79,95\xa0€'}]","['XS', 'S', 'XL', 'XXL']","['XS', 'S', 'XL', 'XXL']",Nœud décoratif,,40 cm en taille S,,,,"Ne pas mettre au sèche-linge, lavage en machine à 30°C, lavage textiles délicats",Col revers,,,,,,Normale,,,,,,Longueur mi-cuisse,100% polyester,Notre mannequin mesure 179 cm et porte une taille S,,"80% polyester, 20% viscose",,,Floral,,,,,,,Manches trois-quarts,,,,73 cm en taille S,,,,,"[{'material': 'polyester', 'percent': 100}]","[{'material': 'polyester', 'percent': 80}, {'material': 'viscose', 'percent': 20}]",
4/2/2019 14:55,https://www.zalando.fr/mode-femme/?p=2&order=activation_date,https://www.zalando.fr/qs-designed-by-kurzarm-t-shirt-imprime-white-qs121d0t1-a11.html,www.zalando.fr,Q/S designed by,https://www.zalando.fr/qs-designed-by,white,KURZARM - T-shirt imprimé - white,"19,95 €",True,"['catalogue', 'femme', 'mode-femme', 't-shirts-tops-femme', 't-shirts-a-imprimes']",T-shirt imprimé,QS121D0T1,clothing,t_shirt_top,['ADULT'],['DEFAULT'],['FEMALE'],"[{'sku': 'QS121D0T1-A11', 'name': 'KURZARM - T-shirt imprimé - white', 'color': 'white', 'shopUrl': 'https://www.zalando.fr/qs-designed-by-kurzarm-t-shirt-imprime-white-qs121d0t1-a11.html', 'pictureUrl': 'https://mosaic03.ztat.net/vgs/media/thumb_hd/QS/12/1D/0T/1A/11/QS121D0T1-A11@5.png'}]",['white'],"[{'sku': 'QS121D0T1-A1100XS000', 'merchant_id': '810d1d00-4312-43e5-bd31-d8373fdd24c7', 'stock': 15, 'local_size': 'S', 'manufacturer_size': 'S', 'price_currency': 'EUR', 'price_value': 19.95, 'price_formatted': '19,95\xa0€'}, {'sku': 'QS121D0T1-A11000S000', 'merchant_id': '810d1d00-4312-43e5-bd31-d8373fdd24c7', 'stock': 39, 'local_size': 'M', 'manufacturer_size': 'M', 'price_currency': 'EUR', 'price_value': 19.95, 'price_formatted': '19,95\xa0€'}, {'sku': 'QS121D0T1-A11000M000', 'merchant_id': '810d1d00-4312-43e5-bd31-d8373fdd24c7', 'stock': 49, 'local_size': 'L', 'manufacturer_size': 'L', 'price_currency': 'EUR', 'price_value': 19.95, 'price_formatted': '19,95\xa0€'}, {'sku': 'QS121D0T1-A11000L000', 'merchant_id': '810d1d00-4312-43e5-bd31-d8373fdd24c7', 'stock': 29, 'local_size': 'XL', 'manufacturer_size': 'XL', 'price_currency': 'EUR', 'price_value': 19.95, 'price_formatted': '19,95\xa0€'}, {'sku': 'QS121D0T1-A1100XL000', 'merchant_id': '810d1d00-4312-43e5-bd31-d8373fdd24c7', 'stock': 20, 'local_size': 'XXL', 'manufacturer_size': 'XXL', 'price_currency': 'EUR', 'price_value': 19.95, 'price_formatted': '19,95\xa0€'}, {'sku': 'QS121D0T1-A110XXL000', 'merchant_id': '810d1d00-4312-43e5-bd31-d8373fdd24c7', 'stock': 13, 'local_size': '3XL', 'manufacturer_size': '3XL', 'price_currency': 'EUR', 'price_value': 19.95, 'price_formatted': '19,95\xa0€'}]","['S', 'M', 'L', 'XL', 'XXL', '3XL']","['S', 'M', 'L', 'XL', 'XXL', '3XL']",,,,,,,"Ne pas mettre au sèche-linge, lavage en machine à 30°C, lavage textiles délicats",,,,Jersey,,,Près du corps,,,,,,Normale,,Notre mannequin mesure 178 cm et porte une taille M,Col rond,100% coton,,,,,,,,,,Manches courtes,,,,60 cm en taille M,Légère,,,,,"[{'material': 'coton', 'percent': 100}]",
4/2/2019 14:55,https://www.zalando.fr/mode-femme/?p=2&order=activation_date,https://www.zalando.fr/dorothy-perkins-tall-sleeveless-floral-vneck-colour-block-tulip-midi-dress-robe-de-soiree-grey-doa21c06e-c11.html,www.zalando.fr,Dorothy Perkins Tall,https://www.zalando.fr/dorothy-perkins-tall,grey,SLEEVELESS FLORAL VNECK COLOUR BLOCK TULIP MIDI DRESS - Robe de soirée - grey,"54,95 €",True,"['catalogue', 'femme', 'promo-femme', 'promo-mode-femme', 'promo-robes-femme', 'tout', 'promo', 'promo-robes-de-soiree-femme']",Robe de soirée,DOA21C06E,clothing,dress,['ADULT'],['DEFAULT'],['FEMALE'],"[{'sku': 'DOA21C06E-C11', 'name': 'SLEEVELESS FLORAL VNECK COLOUR BLOCK TULIP MIDI DRESS - Robe de soirée - grey', 'color': 'grey', 'shopUrl': 'https://www.zalando.fr/dorothy-perkins-tall-sleeveless-floral-vneck-colour-block-tulip-midi-dress-robe-de-soiree-grey-doa21c06e-c11.html', 'pictureUrl': 'https://mosaic03.ztat.net/vgs/media/thumb_hd/DO/A2/1C/06/EC/11/DOA21C06E-C11@6.jpg'}]",['grey'],"[{'sku': 'DOA21C06E-C110006000', 'merchant_id': '810d1d00-4312-43e5-bd31-d8373fdd24c7', 'stock': 16, 'local_size': '34', 'manufacturer_size': '6', 'price_currency': 'EUR', 'price_value': 54.95, 'price_formatted': '54,95\xa0€'}, {'sku': 'DOA21C06E-C110008000', 'merchant_id': '810d1d00-4312-43e5-bd31-d8373fdd24c7', 'stock': 43, 'local_size': '36', 'manufacturer_size': '8', 'price_currency': 'EUR', 'price_value': 54.95, 'price_formatted': '54,95\xa0€'}, {'sku': 'DOA21C06E-C110010000', 'merchant_id': '810d1d00-4312-43e5-bd31-d8373fdd24c7', 'stock': 69, 'local_size': '38', 'manufacturer_size': '10', 'price_currency': 'EUR', 'price_value': 54.95, 'price_formatted': '54,95\xa0€'}, {'sku': 'DOA21C06E-C110012000', 'merchant_id': '810d1d00-4312-43e5-bd31-d8373fdd24c7', 'stock': 63, 'local_size': '40', 'manufacturer_size': '12', 'price_currency': 'EUR', 'price_value': 54.95, 'price_formatted': '54,95\xa0€'}, {'sku': 'DOA21C06E-C110014000', 'merchant_id': '810d1d00-4312-43e5-bd31-d8373fdd24c7', 'stock': 48, 'local_size': '42', 'manufacturer_size': '14', 'price_currency': 'EUR', 'price_value': 54.95, 'price_formatted': '54,95\xa0€'}, {'sku': 'DOA21C06E-C110016000', 'merchant_id': '810d1d00-4312-43e5-bd31-d8373fdd24c7', 'stock': 33, 'local_size': '44', 'manufacturer_size': '16', 'price_currency': 'EUR', 'price_value': 54.95, 'price_formatted': '54,95\xa0€'}]","['34', '36', '38', '40', '42', '44']","['6', '8', '10', '12', '14', '16']","Ceinture incluse, pince de poitrine, doublure",,31 cm en taille 36,,,100% polyester,"Lavage en machine à 40°C, ne pas mettre au sèche-linge, lavage textiles délicats",,,,Mousseline,Fermeture éclair,,Cintrée,,,,,,Longueur midi,100% polyester,Notre mannequin mesure 180 cm et porte une taille 36,Col en V profond,100% polyester,,,Floral,,,,,,,Sans manches,,,,121 cm en taille 36,,,,"[{'material': 'polyester', 'percent': 100}]","[{'material': 'polyester', 'percent': 100}]","[{'material': 'polyester', 'percent': 100}]",
4/2/2019 14:55,https://www.zalando.fr/mode-femme/?p=2&order=activation_date,https://www.zalando.fr/edc-by-esprit-capri-short-ed121s041-q11.html,www.zalando.fr,edc by Esprit,https://www.zalando.fr/esprit-shop-femme/,black,CAPRI - Short - black,"39,95 €",True,"['catalogue', 'femme', 'mode-femme', 'shorts-femme', 'shorts-bermudas-femme', 'tout', 'vetements']",Short,ED121S041,clothing,trouser,['ADULT'],['DEFAULT'],['FEMALE'],"[{'sku': 'ED121S041-Q11', 'name': 'CAPRI - Short - black', 'color': 'black', 'shopUrl': 'https://www.zalando.fr/edc-by-esprit-capri-short-ed121s041-q11.html', 'pictureUrl': 'https://mosaic03.ztat.net/vgs/media/thumb_hd/ED/12/1S/04/1Q/11/ED121S041-Q11@21.jpg'}, {'sku': 'ED121S041-M11', 'name': 'CAPRI - Short - dusty green', 'color': 'dusty green', 'shopUrl': 'https://www.zalando.fr/edc-by-esprit-capri-short-ed121s041-m11.html', 'pictureUrl': 'https://mosaic03.ztat.net/vgs/media/thumb_hd/ED/12/1S/04/1M/11/ED121S041-M11@23.jpg'}, {'sku': 'ED121S041-E11', 'name': 'CAPRI - Short - honey yellow', 'color': 'honey yellow', 'shopUrl': 'https://www.zalando.fr/edc-by-esprit-capri-short-ed121s041-e11.html', 'pictureUrl': 'https://mosaic03.ztat.net/vgs/media/thumb_hd/ED/12/1S/04/1E/11/ED121S041-E11@22.jpg'}, {'sku': 'ED121S041-N11', 'name': 'CAPRI - Short - khaki green', 'color': 'khaki green', 'shopUrl': 'https://www.zalando.fr/edc-by-esprit-capri-short-ed121s041-n11.html', 'pictureUrl': 'https://mosaic03.ztat.net/vgs/media/thumb_hd/ED/12/1S/04/1N/11/ED121S041-N11@19.jpg'}, {'sku': 'ED121S041-B11', 'name': 'CAPRI - Short - light beige', 'color': 'light beige', 'shopUrl': 'https://www.zalando.fr/edc-by-esprit-capri-short-light-beige-ed121s041-b11.html', 'pictureUrl': 'https://mosaic03.ztat.net/vgs/media/thumb_hd/ED/12/1S/04/1B/11/ED121S041-B11@23.jpg'}, {'sku': 'ED121S041-K11', 'name': 'CAPRI - Short - navy', 'color': 'navy', 'shopUrl': 'https://www.zalando.fr/edc-by-esprit-capri-short-ed121s041-k11.html', 'pictureUrl': 'https://mosaic03.ztat.net/vgs/media/thumb_hd/ED/12/1S/04/1K/11/ED121S041-K11@19.jpg'}, {'sku': 'ED121S041-J11', 'name': 'CAPRI - Short - pink fuchsia', 'color': 'pink fuchsia', 'shopUrl': 'https://www.zalando.fr/edc-by-esprit-capri-short-ed121s041-j11.html', 'pictureUrl': 'https://mosaic03.ztat.net/vgs/media/thumb_hd/ED/12/1S/04/1J/11/ED121S041-J11@23.jpg'}]","['black', 'dusty green', 'honey yellow', 'khaki green', 'light beige', 'navy', 'pink fuchsia']","[{'sku': 'ED121S041-Q110320000', 'merchant_id': 'ce5a1ae1-3e4f-4867-9dab-ed9f08becbdd', 'stock': 31, 'local_size': '34', 'manufacturer_size': '32', 'price_currency': 'EUR', 'price_value': 39.99, 'price_formatted': '39,99\xa0€'}, {'sku': 'ED121S041-Q110340000', 'merchant_id': '810d1d00-4312-43e5-bd31-d8373fdd24c7', 'stock': 46, 'local_size': '36', 'manufacturer_size': '34', 'price_currency': 'EUR', 'price_value': 39.95, 'price_formatted': '39,95\xa0€'}, {'sku': 'ED121S041-Q110386000', 'merchant_id': '810d1d00-4312-43e5-bd31-d8373fdd24c7', 'stock': 83, 'local_size': '38', 'manufacturer_size': '36', 'price_currency': 'EUR', 'price_value': 39.95, 'price_formatted': '39,95\xa0€'}, {'sku': 'ED121S041-Q110380000', 'merchant_id': '810d1d00-4312-43e5-bd31-d8373fdd24c7', 'stock': 96, 'local_size': '40', 'manufacturer_size': '38', 'price_currency': 'EUR', 'price_value': 39.95, 'price_formatted': '39,95\xa0€'}, {'sku': 'ED121S041-Q110400000', 'merchant_id': '810d1d00-4312-43e5-bd31-d8373fdd24c7', 'stock': 77, 'local_size': '42', 'manufacturer_size': '40', 'price_currency': 'EUR', 'price_value': 39.95, 'price_formatted': '39,95\xa0€'}, {'sku': 'ED121S041-Q110420000', 'merchant_id': '810d1d00-4312-43e5-bd31-d8373fdd24c7', 'stock': 56, 'local_size': '44', 'manufacturer_size': '42', 'price_currency': 'EUR', 'price_value': 39.95, 'price_formatted': '39,95\xa0€'}, {'sku': 'ED121S041-Q110440000', 'merchant_id': '810d1d00-4312-43e5-bd31-d8373fdd24c7', 'stock': 10, 'local_size': '46', 'manufacturer_size': '44', 'price_currency': 'EUR', 'price_value': 39.95, 'price_formatted': '39,95\xa0€'}]","['34', '36', '38', '40', '42', '44', '46']","['32', '34', '36', '38', '40', '42', '44']",Rivets,,,,,,"Lavage en machine à 40°C, ne pas mettre au sèche-linge, lavage textiles délicats",,,,Denim,Braguette avec fermeture éclair dissimulée,,,,,55 cm en taille 38,,,4-Mar,,Notre mannequin mesure 178 cm et porte une taille 38,,"98% coton, 2% élasthanne",79 cm en taille 38,,Couleur unie,"Poches arrière, poches latérales",,Normale,,,,,,,,,,,,,,"[{'material': 'coton', 'percent': 98}, {'material': 'élasthanne', 'percent': 2}]",
4/2/2019 14:55,https://www.zalando.fr/mode-femme/?p=2&order=activation_date,https://www.zalando.fr/edc-by-esprit-short-white-ed121s04a-a11.html,www.zalando.fr,edc by Esprit,https://www.zalando.fr/esprit-shop-femme/,white,Short - white,"39,95 €",True,"['catalogue', 'femme', 'mode-femme', 'shorts-femme', 'shorts-bermudas-femme', 'tout', 'vetements']",Short,ED121S04A,clothing,trouser,['ADULT'],['DEFAULT'],['FEMALE'],"[{'sku': 'ED121S04A-A11', 'name': 'Short - white', 'color': 'white', 'shopUrl': 'https://www.zalando.fr/edc-by-esprit-short-white-ed121s04a-a11.html', 'pictureUrl': 'https://mosaic03.ztat.net/vgs/media/thumb_hd/ED/12/1S/04/AA/11/ED121S04A-A11@10.jpg'}, {'sku': 'ED121S04A-K12', 'name': 'Short - blue', 'color': 'blue', 'shopUrl': 'https://www.zalando.fr/edc-by-esprit-short-blue-ed121s04a-k12.html', 'pictureUrl': 'https://mosaic03.ztat.net/vgs/media/thumb_hd/ED/12/1S/04/AK/12/ED121S04A-K12@2.jpg'}, {'sku': 'ED121S04A-M11', 'name': 'Short - dusty green', 'color': 'dusty green', 'shopUrl': 'https://www.zalando.fr/edc-by-esprit-short-dusty-green-ed121s04a-m11.html', 'pictureUrl': 'https://mosaic03.ztat.net/vgs/media/thumb_hd/ED/12/1S/04/AM/11/ED121S04A-M11@2.jpg'}, {'sku': 'ED121S04A-B11', 'name': 'Short - light beige', 'color': 'light beige', 'shopUrl': 'https://www.zalando.fr/edc-by-esprit-short-light-beige-ed121s04a-b11.html', 'pictureUrl': 'https://mosaic03.ztat.net/vgs/media/thumb_hd/ED/12/1S/04/AB/11/ED121S04A-B11@9.jpg'}, {'sku': 'ED121S04A-K11', 'name': 'Short - navy', 'color': 'navy', 'shopUrl': 'https://www.zalando.fr/edc-by-esprit-short-navy-ed121s04a-k11.html', 'pictureUrl': 'https://mosaic03.ztat.net/vgs/media/thumb_hd/ED/12/1S/04/AK/11/ED121S04A-K11@15.jpg'}]","['white', 'blue', 'dusty green', 'light beige', 'navy']","[{'sku': 'ED121S04A-A110340000', 'merchant_id': '810d1d00-4312-43e5-bd31-d8373fdd24c7', 'stock': 16, 'local_size': '36', 'manufacturer_size': '34', 'price_currency': 'EUR', 'price_value': 39.95, 'price_formatted': '39,95\xa0€'}, {'sku': 'ED121S04A-A110386000', 'merchant_id': '810d1d00-4312-43e5-bd31-d8373fdd24c7', 'stock': 37, 'local_size': '38', 'manufacturer_size': '36', 'price_currency': 'EUR', 'price_value': 39.95, 'price_formatted': '39,95\xa0€'}, {'sku': 'ED121S04A-A110380000', 'merchant_id': '810d1d00-4312-43e5-bd31-d8373fdd24c7', 'stock': 67, 'local_size': '40', 'manufacturer_size': '38', 'price_currency': 'EUR', 'price_value': 39.95, 'price_formatted': '39,95\xa0€'}, {'sku': 'ED121S04A-A110400000', 'merchant_id': '810d1d00-4312-43e5-bd31-d8373fdd24c7', 'stock': 61, 'local_size': '42', 'manufacturer_size': '40', 'price_currency': 'EUR', 'price_value': 39.95, 'price_formatted': '39,95\xa0€'}, {'sku': 'ED121S04A-A110420000', 'merchant_id': '810d1d00-4312-43e5-bd31-d8373fdd24c7', 'stock': 47, 'local_size': '44', 'manufacturer_size': '42', 'price_currency': 'EUR', 'price_value': 39.95, 'price_formatted': '39,95\xa0€'}]","['36', '38', '40', '42', '44']","['34', '36', '38', '40', '42']",Ceinture incluse,,,,,,"Lavage en machine à 30°C, lavage textiles délicats",,,,,Braguette à boutons,,,,,20 cm en taille 38,,,Courte,,Notre mannequin mesure 178 cm et porte une taille 38,,"97% coton, 3% élasthanne",42 cm en taille 38,,Couleur unie,"Poches arrière, poches latérales",,Normale,,,,,,,,,,,,,,"[{'material': 'coton', 'percent': 97}, {'material': 'élasthanne', 'percent': 3}]",
4/2/2019 14:55,https://www.zalando.fr/mode-femme/?p=2&order=activation_date,https://www.zalando.fr/ghost-mascha-dress-robe-dete-nude-gh421c00l-k11.html,www.zalando.fr,Ghost,https://www.zalando.fr/ghost,nude,MASCHA DRESS - Robe d'été - nude,"189,95 €",True,"['catalogue', 'femme', 'mode-femme', 'robes-femme', 'robes-ete-femme', 'tout', 'vetements']",Robe d'été,GH421C00L,clothing,dress,['ADULT'],['DEFAULT'],['FEMALE'],"[{'sku': 'GH421C00L-K11', 'name': ""MASCHA DRESS - Robe d'été - nude"", 'color': 'nude', 'shopUrl': 'https://www.zalando.fr/ghost-mascha-dress-robe-dete-nude-gh421c00l-k11.html', 'pictureUrl': 'https://mosaic03.ztat.net/vgs/media/thumb_hd/GH/42/1C/00/LK/11/GH421C00L-K11@14.jpg'}]",['nude'],"[{'sku': 'GH421C00L-K1100XS000', 'merchant_id': '810d1d00-4312-43e5-bd31-d8373fdd24c7', 'stock': 9, 'local_size': 'XS', 'manufacturer_size': 'XS', 'price_currency': 'EUR', 'price_value': 189.95, 'price_formatted': '189,95\xa0€'}, {'sku': 'GH421C00L-K11000S000', 'merchant_id': '810d1d00-4312-43e5-bd31-d8373fdd24c7', 'stock': 13, 'local_size': 'S', 'manufacturer_size': 'S', 'price_currency': 'EUR', 'price_value': 189.95, 'price_formatted': '189,95\xa0€'}, {'sku': 'GH421C00L-K11000M000', 'merchant_id': '810d1d00-4312-43e5-bd31-d8373fdd24c7', 'stock': 20, 'local_size': 'M', 'manufacturer_size': 'M', 'price_currency': 'EUR', 'price_value': 189.95, 'price_formatted': '189,95\xa0€'}, {'sku': 'GH421C00L-K11000L000', 'merchant_id': '810d1d00-4312-43e5-bd31-d8373fdd24c7', 'stock': 21, 'local_size': 'L', 'manufacturer_size': 'L', 'price_currency': 'EUR', 'price_value': 189.95, 'price_formatted': '189,95\xa0€'}, {'sku': 'GH421C00L-K1100XL000', 'merchant_id': '810d1d00-4312-43e5-bd31-d8373fdd24c7', 'stock': 15, 'local_size': 'XL', 'manufacturer_size': 'XL', 'price_currency': 'EUR', 'price_value': 189.95, 'price_formatted': '189,95\xa0€'}]","['XS', 'S', 'M', 'L', 'XL']","['XS', 'S', 'M', 'L', 'XL']",,,40 cm en taille S,,,,Lavage en machine à 30°C,,,,Satin,Fermeture éclair,,Cintrée,,,,,,Longueur midi,,Notre mannequin mesure 177 cm et porte une taille S,Col rond,100% viscose,,,Floral,,,,,,,Manche extra longue,,,,119 cm en taille S,,,,,,"[{'material': 'viscose', 'percent': 100}]",
4/2/2019 14:55,https://www.zalando.fr/mode-femme/?p=2&order=activation_date,https://www.zalando.fr/vila-vifaza-dress-robe-de-soiree-cloud-dancer-v1021c1h4-a11.html,www.zalando.fr,Vila,https://www.zalando.fr/vila-shop-femme/,cloud dancer,VIFAZA DRESS - Robe de soirée - cloud dancer,"69,95 €",True,"['catalogue', 'femme', 'mode-femme', 'robes-femme', 'robes-de-soiree-femme', 'tout', 'vetements']",Robe de soirée,V1021C1H4,clothing,dress,['ADULT'],['DEFAULT'],['FEMALE'],"[{'sku': 'V1021C1H4-A11', 'name': 'VIFAZA DRESS - Robe de soirée - cloud dancer', 'color': 'cloud dancer', 'shopUrl': 'https://www.zalando.fr/vila-vifaza-dress-robe-de-soiree-cloud-dancer-v1021c1h4-a11.html', 'pictureUrl': 'https://mosaic03.ztat.net/vgs/media/thumb_hd/V1/02/1C/1H/4A/11/V1021C1H4-A11@2.2.png'}]",['cloud dancer'],"[{'sku': 'V1021C1H4-A110034000', 'merchant_id': '810d1d00-4312-43e5-bd31-d8373fdd24c7', 'stock': 3, 'local_size': '36', 'manufacturer_size': '34', 'price_currency': 'EUR', 'price_value': 69.95, 'price_formatted': '69,95\xa0€'}, {'sku': 'V1021C1H4-A110036000', 'merchant_id': '810d1d00-4312-43e5-bd31-d8373fdd24c7', 'stock': 8, 'local_size': '38', 'manufacturer_size': '36', 'price_currency': 'EUR', 'price_value': 69.95, 'price_formatted': '69,95\xa0€'}, {'sku': 'V1021C1H4-A110038000', 'merchant_id': '810d1d00-4312-43e5-bd31-d8373fdd24c7', 'stock': 9, 'local_size': '40', 'manufacturer_size': '38', 'price_currency': 'EUR', 'price_value': 69.95, 'price_formatted': '69,95\xa0€'}, {'sku': 'V1021C1H4-A110040000', 'merchant_id': '810d1d00-4312-43e5-bd31-d8373fdd24c7', 'stock': 6, 'local_size': '42', 'manufacturer_size': '40', 'price_currency': 'EUR', 'price_value': 69.95, 'price_formatted': '69,95\xa0€'}, {'sku': 'V1021C1H4-A110042000', 'merchant_id': '810d1d00-4312-43e5-bd31-d8373fdd24c7', 'stock': 2, 'local_size': '44', 'manufacturer_size': '42', 'price_currency': 'EUR', 'price_value': 69.95, 'price_formatted': '69,95\xa0€'}, {'sku': 'V1021C1H4-A110044000', 'merchant_id': '810d1d00-4312-43e5-bd31-d8373fdd24c7', 'stock': 2, 'local_size': '46', 'manufacturer_size': '44', 'price_currency': 'EUR', 'price_value': 69.95, 'price_formatted': '69,95\xa0€'}]","['36', '38', '40', '42', '44', '46']","['34', '36', '38', '40', '42', '44']","Pince de poitrine, bretelles réglables, doublure",,,,,,"Ne pas mettre au sèche-linge, lavage en machine à 30°C, possibilité de rétrécissement limitée à 5%",,,,Dentelle,Fermeture éclair,,Cintrée,,,,,,Jusqu'aux genoux,100% polyester,Notre mannequin mesure 178 cm et porte une taille 38,Cache-cœur,100% polyester,,,Couleur unie,,,,,,,Bretelles fines,,,,101 cm en taille 38,,,,,"[{'material': 'polyester', 'percent': 100}]","[{'material': 'polyester', 'percent': 100}]",
4/2/2019 14:55,https://www.zalando.fr/mode-femme/?p=2&order=activation_date,https://www.zalando.fr/free-people-summer-nights-robe-dete-white-fp021c05s-a11.html,www.zalando.fr,Free People,https://www.zalando.fr/free-people,white,SUMMER NIGHTS - Robe d'été - white,"119,95 €",True,"['catalogue', 'femme', 'mode-femme', 'robes-femme', 'robes-ete-femme', 'tout', 'vetements']",Robe d'été,FP021C05S,clothing,dress,['ADULT'],['DEFAULT'],['FEMALE'],"[{'sku': 'FP021C05S-A11', 'name': ""SUMMER NIGHTS - Robe d'été - white"", 'color': 'white', 'shopUrl': 'https://www.zalando.fr/free-people-summer-nights-robe-dete-white-fp021c05s-a11.html', 'pictureUrl': 'https://mosaic03.ztat.net/vgs/media/thumb_hd/FP/02/1C/05/SA/11/FP021C05S-A11@9.png'}]",['white'],"[{'sku': 'FP021C05S-A1100XS000', 'merchant_id': '810d1d00-4312-43e5-bd31-d8373fdd24c7', 'stock': 25, 'local_size': 'XS', 'manufacturer_size': 'XS', 'price_currency': 'EUR', 'price_value': 119.95, 'price_formatted': '119,95\xa0€'}, {'sku': 'FP021C05S-A11000S000', 'merchant_id': '810d1d00-4312-43e5-bd31-d8373fdd24c7', 'stock': 41, 'local_size': 'S', 'manufacturer_size': 'S', 'price_currency': 'EUR', 'price_value': 119.95, 'price_formatted': '119,95\xa0€'}, {'sku': 'FP021C05S-A11000M000', 'merchant_id': '810d1d00-4312-43e5-bd31-d8373fdd24c7', 'stock': 34, 'local_size': 'M', 'manufacturer_size': 'M', 'price_currency': 'EUR', 'price_value': 119.95, 'price_formatted': '119,95\xa0€'}, {'sku': 'FP021C05S-A11000L000', 'merchant_id': '810d1d00-4312-43e5-bd31-d8373fdd24c7', 'stock': 17, 'local_size': 'L', 'manufacturer_size': 'L', 'price_currency': 'EUR', 'price_value': 119.95, 'price_formatted': '119,95\xa0€'}]","['XS', 'S', 'M', 'L']","['XS', 'S', 'M', 'L']",Poches,,46 cm en taille S,,,,,,,,,Boutons,,Ample,,,,,,Extra courte,,Notre mannequin mesure 174 cm et porte une taille S,Col rond,100% coton,,,Couleur unie,,,,,,,Manches trois-quarts,,,,78 cm en taille S,Légère,,,,,"[{'material': 'coton', 'percent': 100}]",
4/2/2019 14:55,https://www.zalando.fr/mode-femme/?p=2&order=activation_date,https://www.zalando.fr/moschino-swim-fashion-animalier-swimsuit-maillot-de-bain-multi-m0581g00c-o11.html,www.zalando.fr,MOSCHINO SWIM,https://www.zalando.fr/moschino-swim,multi,FASHION ANIMALIER SWIMSUIT - Maillot de bain - multi,"239,95 €",True,"['catalogue', 'femme', 'mode-femme', 'maillots-peignoirs-femme', 'maillots-de-bain-1-piece-femme', 'tout', 'vetements']",Maillot de bain,M0581G00C,beach_wear,one_piece_beachwear,['ADULT'],['DEFAULT'],['FEMALE'],"[{'sku': 'M0581G00C-O11', 'name': 'FASHION ANIMALIER SWIMSUIT - Maillot de bain - multi', 'color': 'multi', 'shopUrl': 'https://www.zalando.fr/moschino-swim-fashion-animalier-swimsuit-maillot-de-bain-multi-m0581g00c-o11.html', 'pictureUrl': 'https://mosaic03.ztat.net/vgs/media/thumb_hd/M0/58/1G/00/CO/11/M0581G00C-O11@12.jpg'}]",['multi'],"[{'sku': 'M0581G00C-O110010000', 'merchant_id': '810d1d00-4312-43e5-bd31-d8373fdd24c7', 'stock': 4, 'local_size': 'XS', 'manufacturer_size': 'XS', 'price_currency': 'EUR', 'price_value': 239.95, 'price_formatted': '239,95\xa0€'}, {'sku': 'M0581G00C-O110020000', 'merchant_id': '810d1d00-4312-43e5-bd31-d8373fdd24c7', 'stock': 11, 'local_size': 'S', 'manufacturer_size': 'S', 'price_currency': 'EUR', 'price_value': 239.95, 'price_formatted': '239,95\xa0€'}, {'sku': 'M0581G00C-O110030000', 'merchant_id': '810d1d00-4312-43e5-bd31-d8373fdd24c7', 'stock': 15, 'local_size': 'M', 'manufacturer_size': 'M', 'price_currency': 'EUR', 'price_value': 239.95, 'price_formatted': '239,95\xa0€'}]","['XS', 'S', 'M']","['XS', 'S', 'M']","Ampliforme, ajoutant du volume à la poitrine, Push-Up, coussinets amovibles, soutien-gorge à armatures",,,,,,Lavage à la main,,,,,,,,,,,,,,"91% polyamide, 9% élasthanne",Notre mannequin mesure 172 cm et porte une taille S,Echancrure dos,"82% polyester, 18% élasthanne",,,Imprimé animal,,,,,,,,,,,66 cm en taille S,,,,,"[{'material': 'polyamide', 'percent': 91}, {'material': 'élasthanne', 'percent': 9}]","[{'material': 'polyester', 'percent': 82}, {'material': 'élasthanne', 'percent': 18}]",
4/2/2019 14:55,https://www.zalando.fr/mode-femme/?p=3&order=activation_date,https://www.zalando.fr/vila-viclever-squarneck-t-shirt-a-manches-longues-snow-white-v1021e0vy-a11.html,www.zalando.fr,Vila,https://www.zalando.fr/vila-shop-femme/,snow white,VICLEVER SQUARNECK - Blouse - snow white,"24,95 €",True,"['catalogue', 'femme', 'mode-femme', 't-shirts-tops-femme', 't-shirts-manches-longues-femme', 'chemisiers-tuniques-femme', 'blouses-femme', 'tout', 'vetements']",T-shirt à manches longues,V1021E0VY,clothing,shirt,['ADULT'],['DEFAULT'],['FEMALE'],"[{'sku': 'V1021E0VY-A11', 'name': 'VICLEVER SQUARNECK - Blouse - snow white', 'color': 'snow white', 'shopUrl': 'https://www.zalando.fr/vila-viclever-squarneck-t-shirt-a-manches-longues-snow-white-v1021e0vy-a11.html', 'pictureUrl': 'https://mosaic03.ztat.net/vgs/media/thumb_hd/V1/02/1E/0V/YA/11/V1021E0VY-A11@9.png'}]",['snow white'],"[{'sku': 'V1021E0VY-A110040000', 'merchant_id': '810d1d00-4312-43e5-bd31-d8373fdd24c7', 'stock': 19, 'local_size': '42', 'manufacturer_size': '40', 'price_currency': 'EUR', 'price_value': 24.95, 'price_formatted': '24,95\xa0€'}, {'sku': 'V1021E0VY-A110044000', 'merchant_id': '810d1d00-4312-43e5-bd31-d8373fdd24c7', 'stock': 19, 'local_size': '46', 'manufacturer_size': '44', 'price_currency': 'EUR', 'price_value': 24.95, 'price_formatted': '24,95\xa0€'}]","['42', '46']","['40', '44']",,,,,,,"Ne pas mettre au sèche-linge, lavage en machine à 30°C, possibilité de rétrécissement limitée à 5%, lavage textiles délicats",,,,,,,Cintrée,,,,,,Extra courte,,,Encolure large ronde,100% viscose,,,Couleur unie,,,,,,,Manches longues,,,,,Légère,,,,,"[{'material': 'viscose', 'percent': 100}]",
4/2/2019 14:56,https://www.zalando.fr/mode-femme/?p=3&order=activation_date,https://www.zalando.fr/vila-vimandi-linaia-dress-robe-dete-cloud-dancer-v1021c1fv-a11.html,www.zalando.fr,Vila,https://www.zalando.fr/vila-shop-femme/,cloud dancer,VIMANDI LINAIA DRESS - Robe d'été - cloud dancer,"39,95 €",True,"['catalogue', 'femme', 'mode-femme', 'robes-femme', 'robes-ete-femme', 'tout', 'vetements']",Robe d'été,V1021C1FV,clothing,dress,['ADULT'],['DEFAULT'],['FEMALE'],"[{'sku': 'V1021C1FV-A11', 'name': ""VIMANDI LINAIA DRESS - Robe d'été - cloud dancer"", 'color': 'cloud dancer', 'shopUrl': 'https://www.zalando.fr/vila-vimandi-linaia-dress-robe-dete-cloud-dancer-v1021c1fv-a11.html', 'pictureUrl': 'https://mosaic03.ztat.net/vgs/media/thumb_hd/V1/02/1C/1F/VA/11/V1021C1FV-A11@16.jpg'}]",['cloud dancer'],"[{'sku': 'V1021C1FV-A110034000', 'merchant_id': '810d1d00-4312-43e5-bd31-d8373fdd24c7', 'stock': 13, 'local_size': '36', 'manufacturer_size': '34', 'price_currency': 'EUR', 'price_value': 39.95, 'price_formatted': '39,95\xa0€'}, {'sku': 'V1021C1FV-A110040000', 'merchant_id': '810d1d00-4312-43e5-bd31-d8373fdd24c7', 'stock': 19, 'local_size': '42', 'manufacturer_size': '40', 'price_currency': 'EUR', 'price_value': 39.95, 'price_formatted': '39,95\xa0€'}]","['36', '42']","['34', '40']",,,,,,,"Ne pas mettre au sèche-linge, lavage en machine à 30°C, possibilité de rétrécissement limitée à 5%, lavage textiles délicats",,,,,Boutons,,Cintrée,,,,,,Courte,,,Echancrure dos,100% viscose,,,Rayures,,,,,,,Bretelles fines,,,,,,,,,,"[{'material': 'viscose', 'percent': 100}]",
4/2/2019 14:56,https://www.zalando.fr/mode-femme/?p=3&order=activation_date,https://www.zalando.fr/fila-ada-cropped-hoodie-sweatshirt-violet-tulip-1fi21j00x-i11.html,www.zalando.fr,Fila,https://www.zalando.fr/fila-shop-femme/,violet tulip,ADA CROPPED HOODIE - Sweat à capuche - violet tulip,"69,95 €",True,"['catalogue', 'femme', 'mode-femme', 'pulls-gilets-femme', 'sweatshirts-femme', 'sweats-capuche-femme', 'tout', 'vetements']",Sweatshirt,1FI21J00X,clothing,pullover,['ADULT'],['DEFAULT'],['FEMALE'],"[{'sku': '1FI21J00X-I11', 'name': 'ADA CROPPED HOODIE - Sweat à capuche - violet tulip', 'color': 'violet tulip', 'shopUrl': 'https://www.zalando.fr/fila-ada-cropped-hoodie-sweatshirt-violet-tulip-1fi21j00x-i11.html', 'pictureUrl': 'https://mosaic03.ztat.net/vgs/media/thumb_hd/1F/I2/1J/00/XI/11/1FI21J00X-I11@11.png'}]",['violet tulip'],"[{'sku': '1FI21J00X-I1100XS000', 'merchant_id': '810d1d00-4312-43e5-bd31-d8373fdd24c7', 'stock': 27, 'local_size': 'XS', 'manufacturer_size': 'XS', 'price_currency': 'EUR', 'price_value': 69.95, 'price_formatted': '69,95\xa0€'}, {'sku': '1FI21J00X-I11000S000', 'merchant_id': '810d1d00-4312-43e5-bd31-d8373fdd24c7', 'stock': 47, 'local_size': 'S', 'manufacturer_size': 'S', 'price_currency': 'EUR', 'price_value': 69.95, 'price_formatted': '69,95\xa0€'}, {'sku': '1FI21J00X-I11000M000', 'merchant_id': '810d1d00-4312-43e5-bd31-d8373fdd24c7', 'stock': 27, 'local_size': 'M', 'manufacturer_size': 'M', 'price_currency': 'EUR', 'price_value': 69.95, 'price_formatted': '69,95\xa0€'}, {'sku': '1FI21J00X-I11000L000', 'merchant_id': '810d1d00-4312-43e5-bd31-d8373fdd24c7', 'stock': 8, 'local_size': 'L', 'manufacturer_size': 'L', 'price_currency': 'EUR', 'price_value': 69.95, 'price_formatted': '69,95\xa0€'}, {'sku': '1FI21J00X-I1100XL000', 'merchant_id': '810d1d00-4312-43e5-bd31-d8373fdd24c7', 'stock': 5, 'local_size': 'XL', 'manufacturer_size': 'XL', 'price_currency': 'EUR', 'price_value': 69.95, 'price_formatted': '69,95\xa0€'}]","['XS', 'S', 'M', 'L', 'XL']","['XS', 'S', 'M', 'L', 'XL']",Taille élastique,,,,,,"Lavage en machine à 40°C, lavage textiles délicats",Capuche,,,Sweat,,,Ample,,,,,,Normale,,Notre mannequin mesure 178 cm et porte une taille S,,"65% coton, 35% polyester",,,Couleur unie,,,,,,,Manches longues,,,,65 cm en taille S,,,,,,"[{'material': 'coton', 'percent': 65}, {'material': 'polyester', 'percent': 35}]",
4/2/2019 14:56,https://www.zalando.fr/mode-femme/?p=3&order=activation_date,https://www.zalando.fr/byoung-bxhalla-dress-robe-chemise-brown-by221c064-o11.html,www.zalando.fr,b.young,https://www.zalando.fr/b-young-shop-femme/,brown,BXHALLA DRESS - Robe chemise - brown,"59,95 €",True,"['catalogue', 'femme', 'mode-femme', 'robes-femme', 'robes-chemise-femme', 'tout', 'vetements']",Robe chemise,BY221C064,clothing,dress,['ADULT'],['DEFAULT'],['FEMALE'],"[{'sku': 'BY221C064-O11', 'name': 'BXHALLA DRESS - Robe chemise - brown', 'color': 'brown', 'shopUrl': 'https://www.zalando.fr/byoung-bxhalla-dress-robe-chemise-brown-by221c064-o11.html', 'pictureUrl': 'https://mosaic03.ztat.net/vgs/media/thumb_hd/BY/22/1C/06/4O/11/BY221C064-O11@10.jpg'}]",['brown'],"[{'sku': 'BY221C064-O110034000', 'merchant_id': '810d1d00-4312-43e5-bd31-d8373fdd24c7', 'stock': 11, 'local_size': '36', 'manufacturer_size': '34', 'price_currency': 'EUR', 'price_value': 59.95, 'price_formatted': '59,95\xa0€'}, {'sku': 'BY221C064-O110036000', 'merchant_id': '810d1d00-4312-43e5-bd31-d8373fdd24c7', 'stock': 35, 'local_size': '38', 'manufacturer_size': '36', 'price_currency': 'EUR', 'price_value': 59.95, 'price_formatted': '59,95\xa0€'}, {'sku': 'BY221C064-O110038000', 'merchant_id': '810d1d00-4312-43e5-bd31-d8373fdd24c7', 'stock': 51, 'local_size': '40', 'manufacturer_size': '38', 'price_currency': 'EUR', 'price_value': 59.95, 'price_formatted': '59,95\xa0€'}, {'sku': 'BY221C064-O110040000', 'merchant_id': '810d1d00-4312-43e5-bd31-d8373fdd24c7', 'stock': 49, 'local_size': '42', 'manufacturer_size': '40', 'price_currency': 'EUR', 'price_value': 59.95, 'price_formatted': '59,95\xa0€'}, {'sku': 'BY221C064-O110042000', 'merchant_id': '810d1d00-4312-43e5-bd31-d8373fdd24c7', 'stock': 38, 'local_size': '44', 'manufacturer_size': '42', 'price_currency': 'EUR', 'price_value': 59.95, 'price_formatted': '59,95\xa0€'}, {'sku': 'BY221C064-O110044000', 'merchant_id': '810d1d00-4312-43e5-bd31-d8373fdd24c7', 'stock': 14, 'local_size': '46', 'manufacturer_size': '44', 'price_currency': 'EUR', 'price_value': 59.95, 'price_formatted': '59,95\xa0€'}]","['36', '38', '40', '42', '44', '46']","['34', '36', '38', '40', '42', '44']",Pince de poitrine,,40 cm en taille 38,,,,"Ne pas mettre au sèche-linge, lavage en machine à 30°C, lavage textiles délicats",,,,,Boutons,,Ample,,,,,,Longueur midi,,Notre mannequin mesure 176 cm et porte une taille 38,Col tunisien,100% viscose,,,Imprimé animal,,,,,,,Manches longues,,,,114 cm en taille 38,,,,,,"[{'material': 'viscose', 'percent': 100}]",
4/2/2019 14:56,https://www.zalando.fr/mode-femme/?p=3&order=activation_date,https://www.zalando.fr/wrangler-bib-salopette-light-blue-denim-wr121t003-k11.html,www.zalando.fr,Wrangler,https://www.zalando.fr/wrangler-shop-femme/,light-blue denim,BIB - Salopette - light-blue denim,"99,95 €",True,"['catalogue', 'femme', 'mode-femme', 'pantalons-femme', 'combinaisons-salopettes-femme', 'tout', 'vetements', 'combinaisons-femme', 'salopettes-femme']",Salopette,WR121T003,clothing,trouser,['ADULT'],['DEFAULT'],['FEMALE'],"[{'sku': 'WR121T003-K11', 'name': 'BIB - Salopette - light-blue denim', 'color': 'light-blue denim', 'shopUrl': 'https://www.zalando.fr/wrangler-bib-salopette-light-blue-denim-wr121t003-k11.html', 'pictureUrl': 'https://mosaic03.ztat.net/vgs/media/thumb_hd/WR/12/1T/00/3K/11/WR121T003-K11@9.jpg'}]",['light-blue denim'],"[{'sku': 'WR121T003-K1100XS000', 'merchant_id': '810d1d00-4312-43e5-bd31-d8373fdd24c7', 'stock': 15, 'local_size': '38', 'manufacturer_size': 'XS', 'price_currency': 'EUR', 'price_value': 99.95, 'price_formatted': '99,95\xa0€'}, {'sku': 'WR121T003-K11000S000', 'merchant_id': '810d1d00-4312-43e5-bd31-d8373fdd24c7', 'stock': 34, 'local_size': '40', 'manufacturer_size': 'S', 'price_currency': 'EUR', 'price_value': 99.95, 'price_formatted': '99,95\xa0€'}, {'sku': 'WR121T003-K11000M000', 'merchant_id': '810d1d00-4312-43e5-bd31-d8373fdd24c7', 'stock': 33, 'local_size': '42', 'manufacturer_size': 'M', 'price_currency': 'EUR', 'price_value': 99.95, 'price_formatted': '99,95\xa0€'}]","['38', '40', '42']","['XS', 'S', 'M']",,,,,,,Lavage en machine à 40°C,,,,Denim,Braguette à boutons,,,,,5 cm en taille 38,,,Extra courte,,Notre mannequin mesure 177 cm et porte une taille 38,,100% coton,36 cm en taille 38,,Chevrons,"Poches arrière, poches latérales",,,,,,Sans manches,,,,,,,,,,"[{'material': 'coton', 'percent': 100}]",
4/2/2019 14:56,https://www.zalando.fr/mode-femme/?p=3&order=activation_date,https://www.zalando.fr/edc-by-esprit-direction-robe-en-jersey-navy-ed121c0le-k11.html,www.zalando.fr,edc by Esprit,https://www.zalando.fr/esprit-shop-femme/,navy,DIRECTION - Robe en jersey - navy,"49,95 €",True,"['catalogue', 'femme', 'mode-femme', 'robes-femme', 'robes-t-shirt-femme', 'tout', 'vetements']",Robe en jersey,ED121C0LE,clothing,dress,['ADULT'],['DEFAULT'],['FEMALE'],"[{'sku': 'ED121C0LE-K11', 'name': 'DIRECTION - Robe en jersey - navy', 'color': 'navy', 'shopUrl': 'https://www.zalando.fr/edc-by-esprit-direction-robe-en-jersey-navy-ed121c0le-k11.html', 'pictureUrl': 'https://mosaic03.ztat.net/vgs/media/thumb_hd/ED/12/1C/0L/EK/11/ED121C0LE-K11@7.png'}]",['navy'],"[{'sku': 'ED121C0LE-K110XXS000', 'merchant_id': '810d1d00-4312-43e5-bd31-d8373fdd24c7', 'stock': 5, 'local_size': 'XS', 'manufacturer_size': 'XS', 'price_currency': 'EUR', 'price_value': 49.95, 'price_formatted': '49,95\xa0€'}, {'sku': 'ED121C0LE-K1100XS000', 'merchant_id': '810d1d00-4312-43e5-bd31-d8373fdd24c7', 'stock': 30, 'local_size': 'S', 'manufacturer_size': 'S', 'price_currency': 'EUR', 'price_value': 49.95, 'price_formatted': '49,95\xa0€'}, {'sku': 'ED121C0LE-K11000S000', 'merchant_id': '810d1d00-4312-43e5-bd31-d8373fdd24c7', 'stock': 65, 'local_size': 'M', 'manufacturer_size': 'M', 'price_currency': 'EUR', 'price_value': 49.95, 'price_formatted': '49,95\xa0€'}, {'sku': 'ED121C0LE-K11000M000', 'merchant_id': '810d1d00-4312-43e5-bd31-d8373fdd24c7', 'stock': 73, 'local_size': 'L', 'manufacturer_size': 'L', 'price_currency': 'EUR', 'price_value': 49.95, 'price_formatted': '49,95\xa0€'}, {'sku': 'ED121C0LE-K11000L000', 'merchant_id': '810d1d00-4312-43e5-bd31-d8373fdd24c7', 'stock': 46, 'local_size': 'XL', 'manufacturer_size': 'XL', 'price_currency': 'EUR', 'price_value': 49.95, 'price_formatted': '49,95\xa0€'}, {'sku': 'ED121C0LE-K1100XL000', 'merchant_id': '810d1d00-4312-43e5-bd31-d8373fdd24c7', 'stock': 34, 'local_size': 'XXL', 'manufacturer_size': 'XXL', 'price_currency': 'EUR', 'price_value': 49.95, 'price_formatted': '49,95\xa0€'}, {'sku': 'ED121C0LE-K110XXL000', 'merchant_id': '810d1d00-4312-43e5-bd31-d8373fdd24c7', 'stock': 7, 'local_size': '3XL', 'manufacturer_size': '3XL', 'price_currency': 'EUR', 'price_value': 49.95, 'price_formatted': '49,95\xa0€'}]","['XS', 'S', 'M', 'L', 'XL', 'XXL', '3XL']","['XS', 'S', 'M', 'L', 'XL', 'XXL', '3XL']",Ceinture incluse,,,,,,"Ne pas mettre au sèche-linge, lavage en machine à 30°C",,,,Jersey,,,Cintrée,,,,,,Jusqu'aux genoux,,Notre mannequin mesure 174 cm et porte une taille M,Col rond,"65% viscose, 33% polyester, 2% élasthanne",,,Rayures,,,,,,,Sans manches,,,,96 cm en taille M,,,,,,"[{'material': 'viscose', 'percent': 65}, {'material': 'polyester', 'percent': 33}, {'material': 'élasthanne', 'percent': 2}]",
4/2/2019 14:56,https://www.zalando.fr/mode-femme/?p=3&order=activation_date,https://www.zalando.fr/russell-athletic-eagle-r-mary-sweatshirt-mottled-grey-ruf21j001-c11.html,www.zalando.fr,Russell Athletic Eagle R,https://www.zalando.fr/russell-athletic-eagle-r,mottled grey,MARY - Sweatshirt - mottled grey,"69,95 €",True,"['catalogue', 'femme', 'mode-femme', 'pulls-gilets-femme', 'sweatshirts-femme', 'tout', 'vetements']",Sweatshirt,RUF21J001,clothing,pullover,['ADULT'],['DEFAULT'],['FEMALE'],"[{'sku': 'RUF21J001-C11', 'name': 'MARY - Sweatshirt - mottled grey', 'color': 'mottled grey', 'shopUrl': 'https://www.zalando.fr/russell-athletic-eagle-r-mary-sweatshirt-mottled-grey-ruf21j001-c11.html', 'pictureUrl': 'https://mosaic03.ztat.net/vgs/media/thumb_hd/RU/F2/1J/00/1C/11/RUF21J001-C11@5.png'}]",['mottled grey'],"[{'sku': 'RUF21J001-C1100XS000', 'merchant_id': '810d1d00-4312-43e5-bd31-d8373fdd24c7', 'stock': 21, 'local_size': 'XS', 'manufacturer_size': 'XS', 'price_currency': 'EUR', 'price_value': 69.95, 'price_formatted': '69,95\xa0€'}, {'sku': 'RUF21J001-C11000S000', 'merchant_id': '810d1d00-4312-43e5-bd31-d8373fdd24c7', 'stock': 20, 'local_size': 'S', 'manufacturer_size': 'S', 'price_currency': 'EUR', 'price_value': 69.95, 'price_formatted': '69,95\xa0€'}, {'sku': 'RUF21J001-C11000M000', 'merchant_id': '810d1d00-4312-43e5-bd31-d8373fdd24c7', 'stock': 6, 'local_size': 'M', 'manufacturer_size': 'M', 'price_currency': 'EUR', 'price_value': 69.95, 'price_formatted': '69,95\xa0€'}, {'sku': 'RUF21J001-C11000L000', 'merchant_id': '810d1d00-4312-43e5-bd31-d8373fdd24c7', 'stock': 12, 'local_size': 'L', 'manufacturer_size': 'L', 'price_currency': 'EUR', 'price_value': 69.95, 'price_formatted': '69,95\xa0€'}, {'sku': 'RUF21J001-C1100XL000', 'merchant_id': '810d1d00-4312-43e5-bd31-d8373fdd24c7', 'stock': 6, 'local_size': 'XL', 'manufacturer_size': 'XL', 'price_currency': 'EUR', 'price_value': 69.95, 'price_formatted': '69,95\xa0€'}]","['XS', 'S', 'M', 'L', 'XL']","['XS', 'S', 'M', 'L', 'XL']",,,,,,,Lavage en machine à 30°C,,,,Sweat,,,Normale,,,,,,Courte,,Notre mannequin mesure 178 cm et porte une taille S,Col rond,"80% coton, 20% polyester",,,Imprimé,,,,,,,Manches longues,,,,42 cm en taille S,,,,,,"[{'material': 'coton', 'percent': 80}, {'material': 'polyester', 'percent': 20}]",
4/2/2019 14:56,https://www.zalando.fr/mode-femme/?p=3&order=activation_date,https://www.zalando.fr/vila-vimelli-singlet-debardeur-cloud-dancer-v1021e0w2-a11.html,www.zalando.fr,Vila,https://www.zalando.fr/vila-shop-femme/,cloud dancer,VIMELLI SINGLET - Débardeur - cloud dancer,"26,95 €",True,"['catalogue', 'femme', 'mode-femme', 't-shirts-tops-femme', 'debardeurs-femme', 'tout', 'vetements']",Débardeur,V1021E0W2,clothing,t_shirt_top,['ADULT'],['DEFAULT'],['FEMALE'],"[{'sku': 'V1021E0W2-A11', 'name': 'VIMELLI SINGLET - Débardeur - cloud dancer', 'color': 'cloud dancer', 'shopUrl': 'https://www.zalando.fr/vila-vimelli-singlet-debardeur-cloud-dancer-v1021e0w2-a11.html', 'pictureUrl': 'https://mosaic03.ztat.net/vgs/media/thumb_hd/V1/02/1E/0W/2A/11/V1021E0W2-A11@8.png'}, {'sku': 'V1021E0W2-N11', 'name': 'VIMELLI SINGLET - Débardeur - dark olive', 'color': 'dark olive', 'shopUrl': 'https://www.zalando.fr/vila-vimelli-singlet-debardeur-v1021e0w2-n11.html', 'pictureUrl': 'https://mosaic03.ztat.net/vgs/media/thumb_hd/V1/02/1E/0W/2N/11/V1021E0W2-N11@2.png'}, {'sku': 'V1021E0W2-K11', 'name': 'VIMELLI SINGLET - Débardeur - navy blazer', 'color': 'navy blazer', 'shopUrl': 'https://www.zalando.fr/vila-vimelli-singlet-debardeur-v1021e0w2-k11.html', 'pictureUrl': 'https://mosaic03.ztat.net/vgs/media/thumb_hd/V1/02/1E/0W/2K/11/V1021E0W2-K11@8.png'}, {'sku': 'V1021E0W2-B11', 'name': 'VIMELLI SINGLET - Débardeur - soft camel', 'color': 'soft camel', 'shopUrl': 'https://www.zalando.fr/vila-vimelli-singlet-debardeur-v1021e0w2-b11.html', 'pictureUrl': 'https://mosaic03.ztat.net/vgs/media/thumb_hd/V1/02/1E/0W/2B/11/V1021E0W2-B11@10.png'}]","['cloud dancer', 'dark olive', 'navy blazer', 'soft camel']","[{'sku': 'V1021E0W2-A110034000', 'merchant_id': '810d1d00-4312-43e5-bd31-d8373fdd24c7', 'stock': 17, 'local_size': '36', 'manufacturer_size': '34', 'price_currency': 'EUR', 'price_value': 26.95, 'price_formatted': '26,95\xa0€'}, {'sku': 'V1021E0W2-A110042000', 'merchant_id': '810d1d00-4312-43e5-bd31-d8373fdd24c7', 'stock': 26, 'local_size': '44', 'manufacturer_size': '42', 'price_currency': 'EUR', 'price_value': 26.95, 'price_formatted': '26,95\xa0€'}]","['36', '44']","['34', '42']",,,,,,,"Ne pas mettre au sèche-linge, lavage en machine à 30°C, lavage textiles délicats",,,,Dentelle,,,Normale,,,,,,Normale,,,Col en V profond,100% polyester,,,Couleur unie,,,,,,,Bretelles fines,,,,,Légère,,,,,"[{'material': 'polyester', 'percent': 100}]",
4/2/2019 14:56,https://www.zalando.fr/mode-femme/?p=3&order=activation_date,https://www.zalando.fr/nly-by-nelly-sweetheart-blouse-blouse-creme-neg21e00q-a11.html,www.zalando.fr,Nly by Nelly,https://www.zalando.fr/nellycom,creme,SWEETHEART BLOUSE - Blouse - creme,"32,95 €",True,"['catalogue', 'femme', 'promo-femme', 'promo-mode-femme', 'promo-blouses-femme', 'tout', 'promo', 'promo-chemisiers-tuniques-femme']",Blouse,NEG21E00Q,clothing,shirt,['ADULT'],['DEFAULT'],['FEMALE'],"[{'sku': 'NEG21E00Q-A11', 'name': 'SWEETHEART BLOUSE - Blouse - creme', 'color': 'creme', 'shopUrl': 'https://www.zalando.fr/nly-by-nelly-sweetheart-blouse-blouse-creme-neg21e00q-a11.html', 'pictureUrl': 'https://mosaic03.ztat.net/vgs/media/thumb_hd/NE/G2/1E/00/QA/11/NEG21E00Q-A11@7.png'}]",['creme'],"[{'sku': 'NEG21E00Q-A110034000', 'merchant_id': '810d1d00-4312-43e5-bd31-d8373fdd24c7', 'stock': 38, 'local_size': '36', 'manufacturer_size': '34', 'price_currency': 'EUR', 'price_value': 32.95, 'price_formatted': '32,95\xa0€'}, {'sku': 'NEG21E00Q-A110036000', 'merchant_id': '810d1d00-4312-43e5-bd31-d8373fdd24c7', 'stock': 74, 'local_size': '38', 'manufacturer_size': '36', 'price_currency': 'EUR', 'price_value': 32.95, 'price_formatted': '32,95\xa0€'}, {'sku': 'NEG21E00Q-A110038000', 'merchant_id': '810d1d00-4312-43e5-bd31-d8373fdd24c7', 'stock': 74, 'local_size': '40', 'manufacturer_size': '38', 'price_currency': 'EUR', 'price_value': 32.95, 'price_formatted': '32,95\xa0€'}, {'sku': 'NEG21E00Q-A110040000', 'merchant_id': '810d1d00-4312-43e5-bd31-d8373fdd24c7', 'stock': 58, 'local_size': '42', 'manufacturer_size': '40', 'price_currency': 'EUR', 'price_value': 32.95, 'price_formatted': '32,95\xa0€'}, {'sku': 'NEG21E00Q-A110042000', 'merchant_id': '810d1d00-4312-43e5-bd31-d8373fdd24c7', 'stock': 34, 'local_size': '44', 'manufacturer_size': '42', 'price_currency': 'EUR', 'price_value': 32.95, 'price_formatted': '32,95\xa0€'}, {'sku': 'NEG21E00Q-A110044000', 'merchant_id': '810d1d00-4312-43e5-bd31-d8373fdd24c7', 'stock': 10, 'local_size': '46', 'manufacturer_size': '44', 'price_currency': 'EUR', 'price_value': 32.95, 'price_formatted': '32,95\xa0€'}]","['36', '38', '40', '42', '44', '46']","['34', '36', '38', '40', '42', '44']",,,,,,,"Ne pas mettre au sèche-linge, lavage en machine à 30°C, lavage textiles délicats",,,,,Boutons,,Près du corps,,,,,,Courte,,Notre mannequin mesure 178 cm et porte une taille 38,Echancrure dos,100% viscose,,,Floral,,,,,,,Manches courtes,,,,48 cm en taille 38,Légère,,,,,"[{'material': 'viscose', 'percent': 100}]",
4/2/2019 14:56,https://www.zalando.fr/mode-femme/?p=3&order=activation_date,https://www.zalando.fr/alice-mccall-flower-girl-midi-strap-dress-robe-de-soiree-black-am921c00e-q11.html,www.zalando.fr,Alice McCall,https://www.zalando.fr/alice-mccall,black,FLOWER GIRL MIDI STRAP DRESS - Robe de soirée - black,"474,95 €",True,"['catalogue', 'femme', 'mode-femme', 'robes-femme', 'robes-de-soiree-femme', 'tout', 'vetements']",Robe de soirée,AM921C00E,clothing,dress,['ADULT'],['DEFAULT'],['FEMALE'],"[{'sku': 'AM921C00E-Q11', 'name': 'FLOWER GIRL MIDI STRAP DRESS - Robe de soirée - black', 'color': 'black', 'shopUrl': 'https://www.zalando.fr/alice-mccall-flower-girl-midi-strap-dress-robe-de-soiree-black-am921c00e-q11.html', 'pictureUrl': 'https://mosaic03.ztat.net/vgs/media/thumb_hd/AM/92/1C/00/EQ/11/AM921C00E-Q11@8.jpg'}]",['black'],"[{'sku': 'AM921C00E-Q110004000', 'merchant_id': '810d1d00-4312-43e5-bd31-d8373fdd24c7', 'stock': 3, 'local_size': '34', 'manufacturer_size': '4', 'price_currency': 'EUR', 'price_value': 474.95, 'price_formatted': '474,95\xa0€'}, {'sku': 'AM921C00E-Q110006000', 'merchant_id': '810d1d00-4312-43e5-bd31-d8373fdd24c7', 'stock': 6, 'local_size': '36', 'manufacturer_size': '6', 'price_currency': 'EUR', 'price_value': 474.95, 'price_formatted': '474,95\xa0€'}, {'sku': 'AM921C00E-Q110008000', 'merchant_id': '810d1d00-4312-43e5-bd31-d8373fdd24c7', 'stock': 10, 'local_size': '38', 'manufacturer_size': '8', 'price_currency': 'EUR', 'price_value': 474.95, 'price_formatted': '474,95\xa0€'}, {'sku': 'AM921C00E-Q110010000', 'merchant_id': '810d1d00-4312-43e5-bd31-d8373fdd24c7', 'stock': 9, 'local_size': '40', 'manufacturer_size': '10', 'price_currency': 'EUR', 'price_value': 474.95, 'price_formatted': '474,95\xa0€'}, {'sku': 'AM921C00E-Q110012000', 'merchant_id': '810d1d00-4312-43e5-bd31-d8373fdd24c7', 'stock': 5, 'local_size': '42', 'manufacturer_size': '12', 'price_currency': 'EUR', 'price_value': 474.95, 'price_formatted': '474,95\xa0€'}, {'sku': 'AM921C00E-Q110014000', 'merchant_id': '810d1d00-4312-43e5-bd31-d8373fdd24c7', 'stock': 5, 'local_size': '44', 'manufacturer_size': '14', 'price_currency': 'EUR', 'price_value': 474.95, 'price_formatted': '474,95\xa0€'}]","['34', '36', '38', '40', '42', '44']","['4', '6', '8', '10', '12', '14']","Bretelles réglables, doublure",,,,,,Nettoyage à sec,,,,Satin,Fermeture éclair,,Cintrée,,,,,,Longueur midi,100% polyester,Notre mannequin mesure 174 cm et porte une taille 38,Echancrure dos,"80% viscose, 20% soie",,,Floral,,,,,,,Sans manches,,,,122 cm en taille 38,,,,,"[{'material': 'polyester', 'percent': 100}]","[{'material': 'viscose', 'percent': 80}, {'material': 'soie', 'percent': 20}]",
4/2/2019 14:56,https://www.zalando.fr/mode-femme/?p=3&order=activation_date,https://www.zalando.fr/vila-vikaluna-dress-robe-dete-v1021c1fq-n11.html,www.zalando.fr,Vila,https://www.zalando.fr/vila-shop-femme/,dark olive,VIKALUNA DRESS - Robe d'été - dark olive,"39,95 €",True,"['catalogue', 'femme', 'mode-femme', 'robes-femme', 'robes-ete-femme', 'tout', 'vetements']",Robe d'été,V1021C1FQ,clothing,dress,['ADULT'],['DEFAULT'],['FEMALE'],"[{'sku': 'V1021C1FQ-N11', 'name': ""VIKALUNA DRESS - Robe d'été - dark olive"", 'color': 'dark olive', 'shopUrl': 'https://www.zalando.fr/vila-vikaluna-dress-robe-dete-v1021c1fq-n11.html', 'pictureUrl': 'https://mosaic03.ztat.net/vgs/media/thumb_hd/V1/02/1C/1F/QN/11/V1021C1FQ-N11@7.jpg'}, {'sku': 'V1021C1FQ-E11', 'name': ""VIKALUNA DRESS - Robe d'été - goldfinch"", 'color': 'goldfinch', 'shopUrl': 'https://www.zalando.fr/vila-vikaluna-dress-robe-dete-v1021c1fq-e11.html', 'pictureUrl': 'https://mosaic03.ztat.net/vgs/media/thumb_hd/V1/02/1C/1F/QE/11/V1021C1FQ-E11@18.jpg'}]","['dark olive', 'goldfinch']","[{'sku': 'V1021C1FQ-N110044000', 'merchant_id': '810d1d00-4312-43e5-bd31-d8373fdd24c7', 'stock': 19, 'local_size': '46', 'manufacturer_size': '44', 'price_currency': 'EUR', 'price_value': 39.95, 'price_formatted': '39,95\xa0€'}]",['46'],['44'],Bretelles réglables,,,,,,"Ne pas mettre au sèche-linge, lavage en machine à 30°C, possibilité de rétrécissement limitée à 5%",,,,,Boutons,,Cintrée,,,,,,Longueur midi,,,Col en V profond,"58% viscose, 42% coton",,,Chiné,,,,,,,Sans manches,,,,,,,,,,"[{'material': 'viscose', 'percent': 58}, {'material': 'coton', 'percent': 42}]",
4/2/2019 14:56,https://www.zalando.fr/mode-femme/?p=3&order=activation_date,https://www.zalando.fr/vila-vibys-button-detail-robe-longue-powder-blue-v1021c1g1-k11.html,www.zalando.fr,Vila,https://www.zalando.fr/vila-shop-femme/,powder blue,VIBYS BUTTON DETAIL  - Robe longue - powder blue,"64,95 €",True,"['catalogue', 'femme', 'mode-femme', 'robes-femme', 'robes-longues-femme', 'tout', 'vetements']",Robe longue,V1021C1G1,clothing,dress,['ADULT'],['DEFAULT'],['FEMALE'],"[{'sku': 'V1021C1G1-K11', 'name': 'VIBYS BUTTON DETAIL  - Robe longue - powder blue', 'color': 'powder blue', 'shopUrl': 'https://www.zalando.fr/vila-vibys-button-detail-robe-longue-powder-blue-v1021c1g1-k11.html', 'pictureUrl': 'https://mosaic03.ztat.net/vgs/media/thumb_hd/V1/02/1C/1G/1K/11/V1021C1G1-K11@9.jpg'}]",['powder blue'],"[{'sku': 'V1021C1G1-K110036000', 'merchant_id': '810d1d00-4312-43e5-bd31-d8373fdd24c7', 'stock': 20, 'local_size': '38', 'manufacturer_size': '36', 'price_currency': 'EUR', 'price_value': 64.95, 'price_formatted': '64,95\xa0€'}, {'sku': 'V1021C1G1-K110040000', 'merchant_id': '810d1d00-4312-43e5-bd31-d8373fdd24c7', 'stock': 19, 'local_size': '42', 'manufacturer_size': '40', 'price_currency': 'EUR', 'price_value': 64.95, 'price_formatted': '64,95\xa0€'}]","['38', '42']","['36', '40']","Pince de poitrine, bretelles réglables",,38 cm en taille 38,,,,"Ne pas mettre au sèche-linge, lavage en machine à 30°C, possibilité de rétrécissement limitée à 5%, lavage textiles délicats",,,,,,,Cintrée,,,,,,Longue,,Notre mannequin mesure 178 cm et porte une taille 38,Col tunisien,100% viscose,,,Floral,,,,,,,Bretelles fines,,,,148 cm en taille 38,,,,,,"[{'material': 'viscose', 'percent': 100}]",
